what,kind,bundleId,bundleVersion,description,time
deactivated,workbench,org.eclipse.ui.workbench,3.7.0.I20110519-0100,"",1331892717316
activated,workbench,org.eclipse.ui.workbench,3.7.0.I20110519-0100,"",1331892722961
deactivated,workbench,org.eclipse.ui.workbench,3.7.0.I20110519-0100,"",1331892724756
activated,workbench,org.eclipse.ui.workbench,3.7.0.I20110519-0100,"",1331892724976
deactivated,workbench,org.eclipse.ui.workbench,3.7.0.I20110519-0100,"",1331892725003
activated,workbench,org.eclipse.ui.workbench,3.7.0.I20110519-0100,"",1331892725939
executed,command,org.eclipse.ui.workbench.texteditor,3.7.0.v20110505-0800,"org.eclipse.ui.edit.text.goto.lineStart",1331892733408
executed,command,org.eclipse.ui.workbench.texteditor,3.7.0.v20110505-0800,"org.eclipse.ui.edit.text.goto.lineStart",1331892733592
deactivated,workbench,org.eclipse.ui.workbench,3.7.0.I20110519-0100,"",1331892737018
activated,workbench,org.eclipse.ui.workbench,3.7.0.I20110519-0100,"",1331892740878
executed,command,org.eclipse.ui,3.7.0.I20110602-0100,"org.eclipse.ui.file.save",1331892750163
executed,command,org.eclipse.ui.ide,3.7.0.v20110809-1737,"org.eclipse.ui.project.buildAll",1331892751340
deactivated,workbench,org.eclipse.ui.workbench,3.7.0.I20110519-0100,"",1331892751911
activated,workbench,org.eclipse.ui.workbench,3.7.0.I20110519-0100,"",1331892758702
executed,command,org.eclipse.ui,3.7.0.I20110602-0100,"org.eclipse.ui.file.save",1331892764331
deactivated,workbench,org.eclipse.ui.workbench,3.7.0.I20110519-0100,"",1331892766364
activated,workbench,org.eclipse.ui.workbench,3.7.0.I20110519-0100,"",1331892766594
deactivated,workbench,org.eclipse.ui.workbench,3.7.0.I20110519-0100,"",1331892766615
activated,workbench,org.eclipse.ui.workbench,3.7.0.I20110519-0100,"",1331892767352
executed,command,org.eclipse.ui.ide,3.7.0.v20110809-1737,"org.eclipse.ui.project.buildAll",1331892767784
deactivated,workbench,org.eclipse.ui.workbench,3.7.0.I20110519-0100,"",1331892768143
activated,workbench,org.eclipse.ui.workbench,3.7.0.I20110519-0100,"",1331892772925
deactivated,workbench,org.eclipse.ui.workbench,3.7.0.I20110519-0100,"",1331892774166
activated,workbench,org.eclipse.ui.workbench,3.7.0.I20110519-0100,"",1331892774419
deactivated,workbench,org.eclipse.ui.workbench,3.7.0.I20110519-0100,"",1331892774445
activated,workbench,org.eclipse.ui.workbench,3.7.0.I20110519-0100,"",1331892775331
executed,command,org.eclipse.ui,3.7.0.I20110602-0100,"org.eclipse.ui.edit.text.contentAssist.proposals",1331892785041
executed,command,org.eclipse.ui,3.7.0.I20110602-0100,"org.eclipse.ui.edit.text.contentAssist.proposals",1331892794360
executed,command,org.eclipse.ui,3.7.0.I20110602-0100,"org.eclipse.ui.file.save",1331892804677
executed,command,org.eclipse.ui.ide,3.7.0.v20110809-1737,"org.eclipse.ui.project.buildAll",1331892805372
deactivated,workbench,org.eclipse.ui.workbench,3.7.0.I20110519-0100,"",1331892805713
activated,workbench,org.eclipse.ui.workbench,3.7.0.I20110519-0100,"",1331892808762
executed,command,org.eclipse.ui.workbench.texteditor,3.7.0.v20110505-0800,"org.eclipse.ui.edit.text.goto.lineEnd",1331892811310
executed,command,org.eclipse.ui.workbench.texteditor,3.7.0.v20110505-0800,"org.eclipse.ui.edit.text.goto.lineStart",1331892811887
executed,command,org.eclipse.ui.workbench.texteditor,3.7.0.v20110505-0800,"org.eclipse.ui.edit.text.goto.lineEnd",1331892813678
executed,command,org.eclipse.ui,3.7.0.I20110602-0100,"org.eclipse.ui.file.save",1331892816673
executed,command,org.eclipse.ui,3.7.0.I20110602-0100,"org.eclipse.ui.file.save",1331892822695
executed,command,org.eclipse.ui.ide,3.7.0.v20110809-1737,"org.eclipse.ui.project.buildAll",1331892823580
deactivated,workbench,org.eclipse.ui.workbench,3.7.0.I20110519-0100,"",1331892824274
activated,workbench,org.eclipse.ui.workbench,3.7.0.I20110519-0100,"",1331892829076
deactivated,workbench,org.eclipse.ui.workbench,3.7.0.I20110519-0100,"",1331892831140
activated,workbench,org.eclipse.ui.workbench,3.7.0.I20110519-0100,"",1331892848042
executed,command,org.eclipse.ui,3.7.0.I20110602-0100,"org.eclipse.ui.file.save",1331892861850
executed,command,org.eclipse.ui,3.7.0.I20110602-0100,"org.eclipse.ui.file.save",1331892862523
deactivated,workbench,org.eclipse.ui.workbench,3.7.0.I20110519-0100,"",1331892862906
activated,workbench,org.eclipse.ui.workbench,3.7.0.I20110519-0100,"",1331892870039
executed,command,org.eclipse.ui,3.7.0.I20110602-0100,"org.eclipse.ui.file.save",1331892877350
executed,command,org.eclipse.ui.workbench.texteditor,3.7.0.v20110505-0800,"org.eclipse.ui.edit.text.goto.lineStart",1331892884365
executed,command,org.eclipse.ui,3.7.0.I20110602-0100,"org.eclipse.ui.edit.cut",1331892885513
executed,command,org.eclipse.ui,3.7.0.I20110602-0100,"org.eclipse.ui.edit.paste",1331892886092
executed,command,org.eclipse.ui,3.7.0.I20110602-0100,"org.eclipse.ui.file.save",1331892886444
executed,command,org.eclipse.ui,3.7.0.I20110602-0100,"org.eclipse.ui.file.save",1331892887168
deactivated,workbench,org.eclipse.ui.workbench,3.7.0.I20110519-0100,"",1331892887718
activated,workbench,org.eclipse.ui.workbench,3.7.0.I20110519-0100,"",1331892896521
executed,command,org.eclipse.ui,3.7.0.I20110602-0100,"org.eclipse.ui.edit.copy",1331892899730
executed,command,org.eclipse.ui,3.7.0.I20110602-0100,"org.eclipse.ui.edit.cut",1331892900265
executed,command,org.eclipse.ui,3.7.0.I20110602-0100,"org.eclipse.ui.edit.paste",1331892903398
executed,command,org.eclipse.ui.workbench.texteditor,3.7.0.v20110505-0800,"org.eclipse.ui.edit.text.goto.wordNext",1331892904348
executed,command,org.eclipse.ui.workbench.texteditor,3.7.0.v20110505-0800,"org.eclipse.ui.edit.text.goto.wordNext",1331892904531
executed,command,org.eclipse.ui.workbench.texteditor,3.7.0.v20110505-0800,"org.eclipse.ui.edit.text.select.wordNext",1331892905364
executed,command,org.eclipse.ui,3.7.0.I20110602-0100,"org.eclipse.ui.file.save",1331892906406
executed,command,org.eclipse.ui,3.7.0.I20110602-0100,"org.eclipse.ui.file.save",1331892906851
deactivated,workbench,org.eclipse.ui.workbench,3.7.0.I20110519-0100,"",1331892907755
activated,workbench,org.eclipse.ui.workbench,3.7.0.I20110519-0100,"",1331892915572
executed,command,org.eclipse.ui.workbench.texteditor,3.7.0.v20110505-0800,"org.eclipse.ui.edit.text.goto.lineStart",1331892918011
executed,command,org.eclipse.ui,3.7.0.I20110602-0100,"org.eclipse.ui.file.save",1331892920454
deactivated,workbench,org.eclipse.ui.workbench,3.7.0.I20110519-0100,"",1331892922994
activated,workbench,org.eclipse.ui.workbench,3.7.0.I20110519-0100,"",1331892923325
deactivated,workbench,org.eclipse.ui.workbench,3.7.0.I20110519-0100,"",1331892927976
activated,workbench,org.eclipse.ui.workbench,3.7.0.I20110519-0100,"",1331892928544
deactivated,workbench,org.eclipse.ui.workbench,3.7.0.I20110519-0100,"",1331892929403
activated,workbench,org.eclipse.ui.workbench,3.7.0.I20110519-0100,"",1331892931603
deactivated,workbench,org.eclipse.ui.workbench,3.7.0.I20110519-0100,"",1331892933087
activated,workbench,org.eclipse.ui.workbench,3.7.0.I20110519-0100,"",1331892957934
executed,command,org.eclipse.ui,3.7.0.I20110602-0100,"org.eclipse.ui.edit.selectAll",1331892958267
executed,command,org.eclipse.ui,3.7.0.I20110602-0100,"org.eclipse.ui.edit.copy",1331892958553
deactivated,workbench,org.eclipse.ui.workbench,3.7.0.I20110519-0100,"",1331892958918
activated,workbench,org.eclipse.ui.workbench,3.7.0.I20110519-0100,"",1331894790899
deactivated,workbench,org.eclipse.ui.workbench,3.7.0.I20110519-0100,"",1331894791038
activated,workbench,org.eclipse.ui.workbench,3.7.0.I20110519-0100,"",1331894793294
deactivated,workbench,org.eclipse.ui.workbench,3.7.0.I20110519-0100,"",1331894795365
activated,workbench,org.eclipse.ui.workbench,3.7.0.I20110519-0100,"",1331894796511
closed,workbench,org.eclipse.ui.workbench,3.7.0.I20110519-0100,"",1331894796852
stopped,bundle,org.eclipse.cdt.build.crossgcc,1.0.0.201109151620,"org.eclipse.cdt.build.crossgcc",1331894797718
stopped,bundle,org.eclipse.cdt.codan.checkers.ui,1.0.0.201109151620,"org.eclipse.cdt.codan.checkers.ui",1331894797718
stopped,bundle,org.eclipse.cdt.codan.checkers,1.0.0.201109151620,"org.eclipse.cdt.codan.checkers",1331894797720
stopped,bundle,org.eclipse.cdt.codan.ui.cxx,2.0.0.201109151620,"org.eclipse.cdt.codan.ui.cxx",1331894797721
stopped,bundle,org.eclipse.cdt.codan.core.cxx,1.0.0.201109151620,"org.eclipse.cdt.codan.core.cxx",1331894797721
stopped,bundle,org.eclipse.cdt.launch.remote,2.3.0.201109151620,"org.eclipse.cdt.launch.remote",1331894797722
stopped,bundle,org.eclipse.cdt.debug.mi.ui,6.1.0.201109151620,"org.eclipse.cdt.debug.mi.ui",1331894797767
stopped,bundle,org.eclipse.cdt.debug.mi.core,7.1.1.201109151620,"org.eclipse.cdt.debug.mi.core",1331894797798
stopped,bundle,org.eclipse.cdt.debug.ui.memory.memorybrowser,1.2.100.201109151620,"org.eclipse.cdt.debug.ui.memory.memorybrowser",1331894797800
stopped,bundle,org.eclipse.cdt.debug.ui.memory.search,1.2.0.201109151620,"org.eclipse.cdt.debug.ui.memory.search",1331894797802
stopped,bundle,org.eclipse.cdt.dsf.gdb.ui,2.2.1.201109151620,"org.eclipse.cdt.dsf.gdb.ui",1331894797837
stopped,bundle,org.eclipse.cdt.dsf.ui,2.2.0.201109151620,"org.eclipse.cdt.dsf.ui",1331894797897
stopped,bundle,org.eclipse.cdt.gdb.ui,7.0.0.201109151620,"org.eclipse.cdt.gdb.ui",1331894797898
stopped,bundle,org.eclipse.cdt.dsf.gdb,4.0.1.201109151620,"org.eclipse.cdt.dsf.gdb",1331894797917
stopped,bundle,org.eclipse.cdt.launch,7.0.0.201109151620,"org.eclipse.cdt.launch",1331894797921
stopped,bundle,org.eclipse.cdt.debug.ui,7.1.1.201109151620,"org.eclipse.cdt.debug.ui",1331894797922
activated,perspective,org.eclipse.cdt.ui,,"org.eclipse.cdt.ui.CPerspective",1332227241082
started,bundle,org.eclipse.osgi,3.7.1.R37x_v20110808-1106,"org.eclipse.osgi",1332227241083
started,bundle,org.eclipse.equinox.simpleconfigurator,1.0.200.v20110502-1955,"org.eclipse.equinox.simpleconfigurator",1332227241088
started,bundle,com.ibm.icu,4.4.2.v20110208,"com.ibm.icu",1332227241104
started,bundle,org.eclipse.cdt.build.crossgcc,1.0.0.201109151620,"org.eclipse.cdt.build.crossgcc",1332227241113
started,bundle,org.eclipse.cdt.codan.checkers,1.0.0.201109151620,"org.eclipse.cdt.codan.checkers",1332227241114
started,bundle,org.eclipse.cdt.codan.core,2.0.0.201109151620,"org.eclipse.cdt.codan.core",1332227241116
started,bundle,org.eclipse.cdt.codan.core.cxx,1.0.0.201109151620,"org.eclipse.cdt.codan.core.cxx",1332227241116
started,bundle,org.eclipse.cdt.codan.ui,2.0.0.201109151620,"org.eclipse.cdt.codan.ui",1332227241118
started,bundle,org.eclipse.cdt.codan.ui.cxx,2.0.0.201109151620,"org.eclipse.cdt.codan.ui.cxx",1332227241119
started,bundle,org.eclipse.cdt.core,5.3.1.201109151620,"org.eclipse.cdt.core",1332227241119
started,bundle,org.eclipse.cdt.make.core,7.1.1.201109151620,"org.eclipse.cdt.make.core",1332227241135
started,bundle,org.eclipse.cdt.make.ui,7.1.1.201109151620,"org.eclipse.cdt.make.ui",1332227241141
started,bundle,org.eclipse.cdt.managedbuilder.core,8.0.1.201109151620,"org.eclipse.cdt.managedbuilder.core",1332227241149
started,bundle,org.eclipse.cdt.msw.build,1.0.0.201109151620,"org.eclipse.cdt.msw.build",1332227241156
started,bundle,org.eclipse.cdt.ui,5.3.1.201109151620,"org.eclipse.cdt.ui",1332227241156
started,bundle,org.eclipse.compare.core,3.5.200.I20110208-0800,"org.eclipse.compare.core",1332227241164
started,bundle,org.eclipse.core.contenttype,3.4.100.v20110423-0524,"org.eclipse.core.contenttype",1332227241178
started,bundle,org.eclipse.core.databinding.observable,1.4.0.I20110222-0800,"org.eclipse.core.databinding.observable",1332227241181
started,bundle,org.eclipse.core.expressions,3.4.300.v20110228,"org.eclipse.core.expressions",1332227241191
started,bundle,org.eclipse.core.filebuffers,3.5.200.v20110505-0800,"org.eclipse.core.filebuffers",1332227241192
started,bundle,org.eclipse.core.filesystem,1.3.100.v20110423-0524,"org.eclipse.core.filesystem",1332227241195
started,bundle,org.eclipse.core.jobs,3.5.100.v20110404,"org.eclipse.core.jobs",1332227241196
started,bundle,org.eclipse.core.net,1.2.100.I20110511-0800,"org.eclipse.core.net",1332227241197
started,bundle,org.eclipse.core.resources,3.7.100.v20110510-0712,"org.eclipse.core.resources",1332227241198
started,bundle,org.eclipse.core.runtime,3.7.0.v20110110,"org.eclipse.core.runtime",1332227241214
started,bundle,org.eclipse.core.runtime.compatibility,3.2.100.v20100505,"org.eclipse.core.runtime.compatibility",1332227241215
started,bundle,org.eclipse.core.runtime.compatibility.auth,3.2.200.v20110110,"org.eclipse.core.runtime.compatibility.auth",1332227241216
started,bundle,org.eclipse.core.variables,3.2.500.v20110511,"org.eclipse.core.variables",1332227241217
started,bundle,org.eclipse.debug.core,3.7.0.v20110518,"org.eclipse.debug.core",1332227241218
started,bundle,org.eclipse.epp.mpc.ui,1.1.1.I20110907-0947,"org.eclipse.epp.mpc.ui",1332227241228
started,bundle,org.eclipse.epp.usagedata.gathering,1.3.1.R201106061540,"org.eclipse.epp.usagedata.gathering",1332227241233
started,bundle,org.eclipse.epp.usagedata.recording,1.3.1.R201106061540,"org.eclipse.epp.usagedata.recording",1332227241234
started,bundle,org.eclipse.equinox.app,1.3.100.v20110321,"org.eclipse.equinox.app",1332227241238
started,bundle,org.eclipse.equinox.common,3.6.0.v20110523,"org.eclipse.equinox.common",1332227241239
started,bundle,org.eclipse.equinox.ds,1.3.1.R37x_v20110701,"org.eclipse.equinox.ds",1332227241240
started,bundle,org.eclipse.equinox.event,1.2.100.v20110502,"org.eclipse.equinox.event",1332227241243
started,bundle,org.eclipse.equinox.p2.core,2.1.0.v20110502-1955,"org.eclipse.equinox.p2.core",1332227241253
started,bundle,org.eclipse.equinox.p2.directorywatcher,1.0.300.v20110502-1955,"org.eclipse.equinox.p2.directorywatcher",1332227241256
started,bundle,org.eclipse.equinox.p2.engine,2.1.0.v20110511,"org.eclipse.equinox.p2.engine",1332227241258
started,bundle,org.eclipse.equinox.p2.metadata,2.1.0.v20110510,"org.eclipse.equinox.p2.metadata",1332227241266
started,bundle,org.eclipse.equinox.p2.metadata.repository,1.2.0.v20110511-1359,"org.eclipse.equinox.p2.metadata.repository",1332227241267
started,bundle,org.eclipse.equinox.p2.operations,2.1.0.v20110511-1821,"org.eclipse.equinox.p2.operations",1332227241270
started,bundle,org.eclipse.equinox.p2.reconciler.dropins,1.1.100.v20110510,"org.eclipse.equinox.p2.reconciler.dropins",1332227241277
started,bundle,org.eclipse.equinox.p2.repository,2.1.0.v20110601,"org.eclipse.equinox.p2.repository",1332227241281
started,bundle,org.eclipse.equinox.p2.ui.sdk.scheduler,1.0.100.v20110502-1955,"org.eclipse.equinox.p2.ui.sdk.scheduler",1332227241291
started,bundle,org.eclipse.equinox.p2.updatechecker,1.1.200.v20110502-1955,"org.eclipse.equinox.p2.updatechecker",1332227241300
started,bundle,org.eclipse.equinox.preferences,3.4.1.R37x_v20110725,"org.eclipse.equinox.preferences",1332227241302
started,bundle,org.eclipse.equinox.registry,3.5.101.R37x_v20110810-1611,"org.eclipse.equinox.registry",1332227241304
started,bundle,org.eclipse.equinox.security,1.1.1.R37x_v20110822-1018,"org.eclipse.equinox.security",1332227241310
started,bundle,org.eclipse.equinox.util,1.0.300.v20110502,"org.eclipse.equinox.util",1332227241311
started,bundle,org.eclipse.help,3.5.100.v20110426,"org.eclipse.help",1332227241314
started,bundle,org.eclipse.jface,3.7.0.I20110522-1430,"org.eclipse.jface",1332227241328
started,bundle,org.eclipse.jsch.core,1.1.300.I20110514-0800,"org.eclipse.jsch.core",1332227241336
started,bundle,org.eclipse.linuxtools.cdt.autotools.core,1.0.2.201108301805,"org.eclipse.linuxtools.cdt.autotools.core",1332227241361
started,bundle,org.eclipse.ltk.core.refactoring,3.5.201.r371_v20110824-0800,"org.eclipse.ltk.core.refactoring",1332227241365
started,bundle,org.eclipse.ltk.ui.refactoring,3.6.0.v20110505-0800,"org.eclipse.ltk.ui.refactoring",1332227241372
started,bundle,org.eclipse.mylyn.bugzilla.core,3.6.2.v20110903-0100,"org.eclipse.mylyn.bugzilla.core",1332227241378
started,bundle,org.eclipse.mylyn.bugzilla.ui,3.6.0.v20110608-1400,"org.eclipse.mylyn.bugzilla.ui",1332227241386
started,bundle,org.eclipse.mylyn.commons.identity,0.8.0.v20110608-1400,"org.eclipse.mylyn.commons.identity",1332227241387
started,bundle,org.eclipse.mylyn.commons.net,3.6.0.v20110608-1400,"org.eclipse.mylyn.commons.net",1332227241387
started,bundle,org.eclipse.mylyn.commons.ui,3.6.1.v20110720-0100,"org.eclipse.mylyn.commons.ui",1332227241415
started,bundle,org.eclipse.mylyn.context.core,3.6.1.v20110720-0100,"org.eclipse.mylyn.context.core",1332227241419
started,bundle,org.eclipse.mylyn.context.ui,3.6.0.v20110608-1400,"org.eclipse.mylyn.context.ui",1332227241421
started,bundle,org.eclipse.mylyn.monitor.ui,3.6.0.v20110608-1400,"org.eclipse.mylyn.monitor.ui",1332227241428
started,bundle,org.eclipse.mylyn.tasks.ui,3.6.2.v20110826-0100,"org.eclipse.mylyn.tasks.ui",1332227241497
started,bundle,org.eclipse.mylyn.team.ui,3.6.1.v20110825-0100,"org.eclipse.mylyn.team.ui",1332227241512
started,bundle,org.eclipse.search,3.7.0.v20110505-0800,"org.eclipse.search",1332227241543
started,bundle,org.eclipse.team.core,3.6.0.I20110525-0800,"org.eclipse.team.core",1332227241554
started,bundle,org.eclipse.team.cvs.core,3.3.400.I20110510-0800,"org.eclipse.team.cvs.core",1332227241560
started,bundle,org.eclipse.team.cvs.ui,3.3.400.I20110510-0800,"org.eclipse.team.cvs.ui",1332227241572
started,bundle,org.eclipse.team.ui,3.6.100.I20110525-0800,"org.eclipse.team.ui",1332227241586
started,bundle,org.eclipse.ui,3.7.0.I20110602-0100,"org.eclipse.ui",1332227241594
started,bundle,org.eclipse.ui.console,3.5.100.v20110511,"org.eclipse.ui.console",1332227241602
started,bundle,org.eclipse.ui.editors,3.7.0.v20110517-0800,"org.eclipse.ui.editors",1332227241602
started,bundle,org.eclipse.ui.forms,3.5.100.v20110425,"org.eclipse.ui.forms",1332227241612
started,bundle,org.eclipse.ui.ide,3.7.0.v20110809-1737,"org.eclipse.ui.ide",1332227241622
started,bundle,org.eclipse.ui.navigator,3.5.100.v20110809-2227,"org.eclipse.ui.navigator",1332227241635
started,bundle,org.eclipse.ui.net,1.2.100.I20110511-0800,"org.eclipse.ui.net",1332227241663
started,bundle,org.eclipse.ui.views,3.6.0.I20110412-0800,"org.eclipse.ui.views",1332227241669
started,bundle,org.eclipse.ui.workbench,3.7.0.I20110519-0100,"org.eclipse.ui.workbench",1332227241681
started,bundle,org.eclipse.ui.workbench.texteditor,3.7.0.v20110505-0800,"org.eclipse.ui.workbench.texteditor",1332227241684
os,sysinfo,,,"macosx",1332227241688
arch,sysinfo,,,"x86_64",1332227241688
ws,sysinfo,,,"cocoa",1332227241688
locale,sysinfo,,,"en_US",1332227241688
processors,sysinfo,,,"2",1332227241688
java.runtime.name,sysinfo,,,"Java(TM) SE Runtime Environment",1332227241688
java.runtime.version,sysinfo,,,"1.6.0_29-b11-402-10M3527",1332227241688
java.specification.name,sysinfo,,,"Java Platform API Specification",1332227241688
java.specification.vendor,sysinfo,,,"Sun Microsystems Inc.",1332227241688
java.specification.version,sysinfo,,,"1.6",1332227241688
java.vendor,sysinfo,,,"Apple Inc.",1332227241688
java.version,sysinfo,,,"1.6.0_29",1332227241688
java.vm.info,sysinfo,,,"mixed mode",1332227241688
java.vm.name,sysinfo,,,"Java HotSpot(TM) 64-Bit Server VM",1332227241688
java.vm.specification.name,sysinfo,,,"Java Virtual Machine Specification",1332227241688
java.vm.specification.vendor,sysinfo,,,"Sun Microsystems Inc.",1332227241688
java.vm.specification.version,sysinfo,,,"1.0",1332227241688
java.vm.vendor,sysinfo,,,"Apple Inc.",1332227241688
java.vm.version,sysinfo,,,"20.4-b02-402",1332227241688
started,bundle,org.eclipse.update.scheduler,3.2.300.v20100512,"org.eclipse.update.scheduler",1332227241732
started,bundle,org.eclipse.update.configurator,3.3.100.v20100512,"org.eclipse.update.configurator",1332227241916
started,bundle,org.eclipse.update.core,3.2.500.v20110330,"org.eclipse.update.core",1332227241930
opened,view,org.eclipse.ui.ide,3.7.0.v20110809-1737,"org.eclipse.ui.views.ProblemView",1332227242100
started,bundle,org.eclipse.ui.navigator.resources,3.4.300.I20110421-1800,"org.eclipse.ui.navigator.resources",1332227243828
started,bundle,org.eclipse.jgit,1.1.0.201109151100-r,"org.eclipse.jgit",1332227244321
opened,view,org.eclipse.ui.navigator.resources,3.4.300.I20110421-1800,"org.eclipse.ui.navigator.ProjectExplorer",1332227244352
started,bundle,org.eclipse.egit.core,1.1.0.201109151100-r,"org.eclipse.egit.core",1332227244444
started,bundle,org.eclipse.egit.ui,1.1.0.201109151100-r,"org.eclipse.egit.ui",1332227244660
opened,view,org.eclipse.ui.views,3.6.0.I20110412-0800,"org.eclipse.ui.views.ContentOutline",1332227244746
activated,view,org.eclipse.ui.navigator.resources,3.4.300.I20110421-1800,"org.eclipse.ui.navigator.ProjectExplorer",1332227246095
deactivated,workbench,org.eclipse.ui.workbench,3.7.0.I20110519-0100,"",1332227257931
started,bundle,org.eclipse.compare,3.5.201.R37x_v20110817-0800,"org.eclipse.compare",1332227259422
activated,workbench,org.eclipse.ui.workbench,3.7.0.I20110519-0100,"",1332227259927
deactivated,workbench,org.eclipse.ui.workbench,3.7.0.I20110519-0100,"",1332227260040
activated,workbench,org.eclipse.ui.workbench,3.7.0.I20110519-0100,"",1332227260069
deactivated,workbench,org.eclipse.ui.workbench,3.7.0.I20110519-0100,"",1332227264190
activated,workbench,org.eclipse.ui.workbench,3.7.0.I20110519-0100,"",1332227264206
opened,workbench,org.eclipse.ui.workbench,3.7.0.I20110519-0100,"",1332227264327
activated,perspective,org.eclipse.cdt.ui,5.3.1.201109151620,"org.eclipse.cdt.ui.CPerspective",1332227264327
opened,editor,org.eclipse.cdt.ui,5.3.1.201109151620,"org.eclipse.cdt.ui.editor.CEditor",1332227267596
opened,editor,org.eclipse.cdt.ui,5.3.1.201109151620,"org.eclipse.cdt.ui.editor.CEditor",1332227267678
opened,editor,org.eclipse.cdt.ui,5.3.1.201109151620,"org.eclipse.cdt.ui.editor.CEditor",1332227267770
started,bundle,org.eclipse.cdt.mylyn.ui,3.6.0.v20110608-1400,"org.eclipse.cdt.mylyn.ui",1332227267818
started,bundle,org.eclipse.mylyn.resources.ui,3.6.0.v20110608-1400,"org.eclipse.mylyn.resources.ui",1332227267836
started,bundle,org.eclipse.mylyn.wikitext.tasks.ui,1.5.0.v20110608-1400,"org.eclipse.mylyn.wikitext.tasks.ui",1332227267845
started,bundle,org.eclipse.mylyn.wikitext.core,1.5.1.v20110720-0100,"org.eclipse.mylyn.wikitext.core",1332227267870
closed,workbench,org.eclipse.ui.workbench,3.7.0.I20110519-0100,"",1332227267880
activated,workbench,org.eclipse.ui.workbench,3.7.0.I20110519-0100,"",1332227267905
started,bundle,org.eclipse.debug.ui,3.7.101.v20110817_r371,"org.eclipse.debug.ui",1332227272844
started,bundle,org.eclipse.cdt.debug.core,7.1.0.201109151620,"org.eclipse.cdt.debug.core",1332227273108
started,bundle,org.eclipse.cdt.debug.ui,7.1.1.201109151620,"org.eclipse.cdt.debug.ui",1332227273123
started,bundle,org.eclipse.rse.services,3.2.101.R33x_v201109141647,"org.eclipse.rse.services",1332227276365
started,bundle,org.eclipse.rse.core,3.2.1.R33x_v201109141647,"org.eclipse.rse.core",1332227276426
started,bundle,org.eclipse.rse.ui,3.2.1.R33x_v201109141647,"org.eclipse.rse.ui",1332227276760
started,bundle,org.eclipse.rse.subsystems.files.core,3.2.101.R33x_v201107181530,"org.eclipse.rse.subsystems.files.core",1332227276770
started,bundle,org.eclipse.rse.files.ui,3.2.1.R33x_v201109141647,"org.eclipse.rse.files.ui",1332227276831
started,bundle,org.eclipse.rse.subsystems.files.local,2.1.200.v201101042155,"org.eclipse.rse.subsystems.files.local",1332227276835
started,bundle,org.eclipse.rse.subsystems.shells.core,3.1.201.R33x_v201106281309,"org.eclipse.rse.subsystems.shells.core",1332227276865
started,bundle,org.eclipse.rse.subsystems.shells.local,2.1.300.v201101042155,"org.eclipse.rse.subsystems.shells.local",1332227276883
started,bundle,org.eclipse.rse.connectorservice.local,2.1.300.v201101042155,"org.eclipse.rse.connectorservice.local",1332227277063
started,bundle,org.eclipse.rse.services.local,2.1.300.v201105311250,"org.eclipse.rse.services.local",1332227277102
deactivated,workbench,org.eclipse.ui.workbench,3.7.0.I20110519-0100,"",1332227291820
activated,workbench,org.eclipse.ui.workbench,3.7.0.I20110519-0100,"",1332229435565
activated,editor,org.eclipse.cdt.ui,5.3.1.201109151620,"org.eclipse.cdt.ui.editor.CEditor",1332229439761
deactivated,workbench,org.eclipse.ui.workbench,3.7.0.I20110519-0100,"",1332229443840
activated,workbench,org.eclipse.ui.workbench,3.7.0.I20110519-0100,"",1332229477944
deactivated,workbench,org.eclipse.ui.workbench,3.7.0.I20110519-0100,"",1332229479159
activated,workbench,org.eclipse.ui.workbench,3.7.0.I20110519-0100,"",1332229482313
activated,editor,org.eclipse.cdt.ui,5.3.1.201109151620,"org.eclipse.cdt.ui.editor.CEditor",1332229493298
closed,editor,org.eclipse.cdt.ui,5.3.1.201109151620,"org.eclipse.cdt.ui.editor.CEditor",1332229493298
executed,command,org.eclipse.ui,3.7.0.I20110602-0100,"org.eclipse.ui.file.close",1332229493455
executed,command,org.eclipse.cdt.ui,5.3.1.201109151620,"org.eclipse.cdt.ui.edit.text.c.toggle.source.header",1332229496597
deactivated,workbench,org.eclipse.ui.workbench,3.7.0.I20110519-0100,"",1332229497726
activated,workbench,org.eclipse.ui.workbench,3.7.0.I20110519-0100,"",1332229514991
activated,view,org.eclipse.ui.navigator.resources,3.4.300.I20110421-1800,"org.eclipse.ui.navigator.ProjectExplorer",1332229517011
deactivated,workbench,org.eclipse.ui.workbench,3.7.0.I20110519-0100,"",1332229520590
activated,workbench,org.eclipse.ui.workbench,3.7.0.I20110519-0100,"",1332229812689
deactivated,workbench,org.eclipse.ui.workbench,3.7.0.I20110519-0100,"",1332229813988
activated,workbench,org.eclipse.ui.workbench,3.7.0.I20110519-0100,"",1332229921869
activated,editor,org.eclipse.cdt.ui,5.3.1.201109151620,"org.eclipse.cdt.ui.editor.CEditor",1332229924293
activated,editor,org.eclipse.cdt.ui,5.3.1.201109151620,"org.eclipse.cdt.ui.editor.CEditor",1332229924728
deactivated,workbench,org.eclipse.ui.workbench,3.7.0.I20110519-0100,"",1332229932783
activated,workbench,org.eclipse.ui.workbench,3.7.0.I20110519-0100,"",1332229936632
deactivated,workbench,org.eclipse.ui.workbench,3.7.0.I20110519-0100,"",1332229937579
activated,workbench,org.eclipse.ui.workbench,3.7.0.I20110519-0100,"",1332230097789
activated,editor,org.eclipse.cdt.ui,5.3.1.201109151620,"org.eclipse.cdt.ui.editor.CEditor",1332230101143
activated,editor,org.eclipse.cdt.ui,5.3.1.201109151620,"org.eclipse.cdt.ui.editor.CEditor",1332230116231
activated,editor,org.eclipse.cdt.ui,5.3.1.201109151620,"org.eclipse.cdt.ui.editor.CEditor",1332230121823
deactivated,workbench,org.eclipse.ui.workbench,3.7.0.I20110519-0100,"",1332230138289
activated,workbench,org.eclipse.ui.workbench,3.7.0.I20110519-0100,"",1332230202632
deactivated,workbench,org.eclipse.ui.workbench,3.7.0.I20110519-0100,"",1332230203355
activated,workbench,org.eclipse.ui.workbench,3.7.0.I20110519-0100,"",1332230228473
deactivated,workbench,org.eclipse.ui.workbench,3.7.0.I20110519-0100,"",1332230229030
